"Status","Start Time","Stop Time","Duration in ms","Parent Suite","Suite","Sub Suite","Test Class","Test Method","Name","Description"
"passed","Tue Apr 20 14:46:45 CST 2021","Tue Apr 20 14:46:45 CST 2021","1","","test_parametrlze","","","","test_doo[10000-20000]",""
"failed","Tue Apr 20 14:46:45 CST 2021","Tue Apr 20 14:46:45 CST 2021","0","","test_mark_study","Test_Demo2","","","test_three",""
"passed","Tue Apr 20 14:46:45 CST 2021","Tue Apr 20 14:46:45 CST 2021","0","","test_parametrlze","","","","test_add[minus]",""
"passed","Tue Apr 20 14:46:45 CST 2021","Tue Apr 20 14:46:45 CST 2021","0","","test_parametrlze","","","","test_doo[0.4-0]",""
"passed","Tue Apr 20 14:46:45 CST 2021","Tue Apr 20 14:46:45 CST 2021","0","","test_demo1","Test_Demo","","","test_demo",""
"passed","Tue Apr 20 14:46:45 CST 2021","Tue Apr 20 14:46:45 CST 2021","1","","test_fixture","Test_firstFile","","","test_one",""
"passed","Tue Apr 20 14:46:45 CST 2021","Tue Apr 20 14:46:45 CST 2021","0","","test_param_in_file","","","","test_add[minus]",""
"passed","Tue Apr 20 14:46:45 CST 2021","Tue Apr 20 14:46:45 CST 2021","0","","test_fixture","Test_firstFile","","","test_three",""
"passed","Tue Apr 20 14:46:45 CST 2021","Tue Apr 20 14:46:45 CST 2021","1","","test_mark_study","Test_Demo2","","","test_demo",""
"passed","Tue Apr 20 14:46:45 CST 2021","Tue Apr 20 14:46:45 CST 2021","1","","test_parametrlze","","","","test_add[int]",""
"passed","Tue Apr 20 14:46:45 CST 2021","Tue Apr 20 14:46:45 CST 2021","0","","test_parametrlze","","","","test_add[bigint]",""
"passed","Tue Apr 20 14:46:45 CST 2021","Tue Apr 20 14:46:45 CST 2021","1","","test_parametrlze","","","","test_doo[10000-1]",""
"passed","Tue Apr 20 14:46:45 CST 2021","Tue Apr 20 14:46:45 CST 2021","1","","test_mark_study","Test_Demo2","","","test_two",""
"passed","Tue Apr 20 14:46:45 CST 2021","Tue Apr 20 14:46:45 CST 2021","0","","test_setup_teardown","","","","test_one",""
"passed","Tue Apr 20 14:46:45 CST 2021","Tue Apr 20 14:46:45 CST 2021","0","","test_fixture","Test_firstFile","","","test_two[参数1]",""
"passed","Tue Apr 20 14:46:45 CST 2021","Tue Apr 20 14:46:45 CST 2021","1","","test_setup_teardown","TestCase","","","test_four",""
"passed","Tue Apr 20 14:46:45 CST 2021","Tue Apr 20 14:46:45 CST 2021","0","","test_parametrlze","","","","test_doo[-2-1]",""
"passed","Tue Apr 20 14:46:45 CST 2021","Tue Apr 20 14:46:45 CST 2021","0","","test_param_in_file","","","","test_add[int]",""
"passed","Tue Apr 20 14:46:45 CST 2021","Tue Apr 20 14:46:45 CST 2021","0","","test_param_in_file","","","","test_add[bigint]",""
"passed","Tue Apr 20 14:46:45 CST 2021","Tue Apr 20 14:46:45 CST 2021","0","","test_parametrlze","","","","test_doo[-2-0]",""
"passed","Tue Apr 20 14:46:45 CST 2021","Tue Apr 20 14:46:45 CST 2021","0","","test_parametrlze","","","","test_doo[0.4-20000]",""
"passed","Tue Apr 20 14:46:45 CST 2021","Tue Apr 20 14:46:45 CST 2021","0","","test_setup_teardown","TestCase","","","test_three",""
"passed","Tue Apr 20 14:46:45 CST 2021","Tue Apr 20 14:46:45 CST 2021","1","","test_setup_teardown","","","","test_two",""
"passed","Tue Apr 20 14:46:45 CST 2021","Tue Apr 20 14:46:45 CST 2021","0","","test_parametrlze","","","","test_doo[0.4-1]",""
"passed","Tue Apr 20 14:46:45 CST 2021","Tue Apr 20 14:46:45 CST 2021","1","","test_parametrlze","","","","test_doo[-2-20000]",""
"passed","Tue Apr 20 14:46:45 CST 2021","Tue Apr 20 14:46:45 CST 2021","0","","test_parametrlze","","","","test_doo[10000-0]",""
"passed","Tue Apr 20 14:46:45 CST 2021","Tue Apr 20 14:46:45 CST 2021","0","","test_fixture","Test_firstFile","","","test_two[参数2]",""
